<?xml version="1.0" encoding="UTF-8"?>
<project-private xmlns="http://www.netbeans.org/ns/project-private/1">
    <editor-bookmarks xmlns="http://www.netbeans.org/ns/editor-bookmarks/2" lastBookmarkId="0"/>
    <open-files xmlns="http://www.netbeans.org/ns/projectui-open-files/2">
        <group>
            <file>file:/E:/A%20Matkul%203/OOP/UTS-OOP_17090088_FakhrurRiza_4D/src/stok/stok_buku.java</file>
            <file>file:/E:/A%20Matkul%203/OOP/UTS-OOP_17090088_FakhrurRiza_4D/src/app.java</file>
            <file>file:/E:/A%20Matkul%203/OOP/UTS-OOP_17090088_FakhrurRiza_4D/src/entity/buku.java</file>
        </group>
    </open-files>
</project-private>
